fixture_file,case_id,customer_id,category,message_id
complaint-001.eml,CASE-001,CUST-132,late_delivery,<a2472649-7351-5bec-9247-e8e136754a71>
complaint-002.eml,CASE-002,CUST-078,short_delivery,<953f9ed3-a191-550a-89fc-4bbdf4549d88>
complaint-003.eml,CASE-003,CUST-090,short_delivery,<29859c15-b0c0-52ef-bdf6-0fbb255b611b>
complaint-004.eml,CASE-004,CUST-110,late_delivery,<e1a6e1fb-909c-5d2c-a5d3-d6981d753206>
complaint-005.eml,CASE-005,CUST-116,late_delivery,<837161af-1322-5373-a365-68185ffd99d4>
complaint-006.eml,CASE-006,CUST-174,damaged_items,<38e76af9-51b7-55e3-a4c4-78b2acabf0ec>
complaint-007.eml,CASE-007,CUST-084,short_delivery,<d72680f2-11ce-5d91-8fe0-af5f85a9f48e>
complaint-008.eml,CASE-008,CUST-151,late_delivery,<e1be40b2-9991-5c46-9388-aab8d22b6176>
complaint-009.eml,CASE-009,CUST-023,short_delivery,<d9fcac5e-2b0d-5e9a-a365-8489d2aba3a1>
complaint-010.eml,CASE-010,CUST-018,short_delivery,<eaf60ba3-6c5b-5271-969d-aaef77940f36>
complaint-011.eml,CASE-011,CUST-144,billing,<de8ecdf9-189f-5dca-87dd-e359bbf749a9>
complaint-012.eml,CASE-012,CUST-008,short_delivery,<1b6cd279-a4f3-5cb2-bd3b-187f17cca807>
complaint-013.eml,CASE-013,CUST-141,short_delivery,<e3adcdbf-c3c0-5a97-9f02-61910348cfc7>
complaint-014.eml,CASE-014,CUST-152,stained_items,<32aa829c-fda9-53e8-90af-dc96c5e20dac>
complaint-015.eml,CASE-015,CUST-132,short_delivery,<9d256ad9-fefd-5906-9567-4191d65eb816>
complaint-016.eml,CASE-016,CUST-140,billing,<ae055d8a-f1da-5ed5-95bc-1eccddfad2ad>
complaint-017.eml,CASE-017,CUST-089,late_delivery,<be81f0ae-e209-5abb-bb07-97be314e92a7>
complaint-018.eml,CASE-018,CUST-016,stained_items,<ca5f81de-4e45-5aab-bc31-64d3bd4ade05>
complaint-019.eml,CASE-019,CUST-107,stained_items,<b41ee60d-3273-5342-bb74-f5d53e227698>
complaint-020.eml,CASE-020,CUST-107,stained_items,<6201e1ef-6b2a-57b0-9c20-991ab521a4f9>
complaint-021.eml,CASE-021,CUST-069,short_delivery,<0e6f6b79-2292-5d46-9f5c-f1c74d272097>
complaint-022.eml,CASE-022,CUST-057,stained_items,<d227668b-91b7-5fb7-8a97-a52aff6e9e52>
complaint-023.eml,CASE-023,CUST-071,stained_items,<63766c6f-5643-5111-bd25-d97aea1ac794>
complaint-024.eml,CASE-024,CUST-002,late_delivery,<9251220b-601f-5bbb-a7b2-8d3d75f87302>
complaint-025.eml,CASE-025,CUST-108,damaged_items,<b8d590da-cfd9-5e22-9743-475b9a23a59c>
complaint-026.eml,CASE-026,CUST-142,late_delivery,<19f72b18-f829-5467-8712-5be50e8144d9>
complaint-027.eml,CASE-027,CUST-127,wrong_quantity,<d0d360d9-fb5e-5e03-a586-01d4638b872b>
complaint-028.eml,CASE-028,CUST-087,short_delivery,<723da4b5-c004-5046-a731-e78312048057>
complaint-029.eml,CASE-029,CUST-051,short_delivery,<a6435b75-ff73-56b1-bca0-8b497b590fd9>
complaint-030.eml,CASE-030,CUST-098,late_delivery,<5465ced1-3cf5-5c8d-85e3-761b82fbad2e>
complaint-031.eml,CASE-031,CUST-017,late_delivery,<7ebceac0-aea8-5c3c-b4f8-aebfaccf67bf>
complaint-032.eml,CASE-032,CUST-020,billing,<da2ccee7-5ee4-5ec7-8dc5-f0949464bdda>
complaint-033.eml,CASE-033,CUST-038,short_delivery,<c1b52377-73f0-5076-a5a8-cb02490ed4db>
complaint-034.eml,CASE-034,CUST-106,late_delivery,<69b1f495-2e49-5d8b-9fb2-7f1f990be06e>
complaint-035.eml,CASE-035,CUST-103,short_delivery,<db464776-aad8-5bdc-b082-35f34468fcf0>
complaint-036.eml,CASE-036,CUST-106,late_delivery,<1592394e-a72d-5f50-99d6-f3b815f7742c>
complaint-037.eml,CASE-037,CUST-059,late_delivery,<5c608cd0-a3a1-5ec7-9a24-c4235e08deff>
complaint-038.eml,CASE-038,CUST-037,late_delivery,<817d987f-2de9-5288-9fb3-c4ceb0280efe>
complaint-039.eml,CASE-039,CUST-032,billing,<329ae062-d022-5ab0-8754-d86b3c8a58f4>
complaint-040.eml,CASE-040,CUST-032,billing,<84cb6f7c-c007-5fc4-b869-43e29169d330>
complaint-041.eml,CASE-041,CUST-067,billing,<46c89b6f-6ed4-5c07-bdef-3a17eb41e309>
complaint-042.eml,CASE-042,CUST-123,stained_items,<7dca8473-eb28-57f9-9319-4f144459bc4c>
complaint-043.eml,CASE-043,CUST-132,damaged_items,<6f081743-dbe7-5694-968b-387263305f27>
complaint-044.eml,CASE-044,CUST-142,late_delivery,<6f30c43d-4828-57b2-b7f9-81bc0563d020>
complaint-045.eml,CASE-045,CUST-157,late_delivery,<478190c5-8ac0-5f9a-8a75-5d675019a16a>
complaint-046.eml,CASE-046,CUST-061,service_change,<e6cd7415-a94a-5f2a-b710-137c01d71180>
complaint-047.eml,CASE-047,CUST-034,wrong_quantity,<9f228ac3-3e0f-5f71-8bdc-6101828e180b>
complaint-048.eml,CASE-048,CUST-014,wrong_quantity,<ca403c36-4498-5c68-b23c-4c4cb087f5bd>
complaint-049.eml,CASE-049,CUST-059,late_delivery,<2586c60c-0d46-57db-bcdf-23ee543d0c60>
complaint-050.eml,CASE-050,CUST-006,short_delivery,<3948c821-39cf-556e-ad1f-876d67606359>
complaint-051.eml,CASE-051,CUST-011,service_change,<f64aceb5-d4c2-55d9-b0bf-94c0636b1bd0>
complaint-052.eml,CASE-052,CUST-001,wrong_quantity,<7ae71930-7081-5f0a-a4de-40fe3b46a696>
complaint-053.eml,CASE-053,CUST-057,short_delivery,<0a3ab03e-355a-5689-bf42-f8e5bc44c6b3>
complaint-054.eml,CASE-054,CUST-050,late_delivery,<e86442d3-b5b1-5cb9-81b5-d1c0601fa6d6>
complaint-055.eml,CASE-055,CUST-158,short_delivery,<e1564743-8ca4-542c-8e58-ac8c4a593a7d>
complaint-056.eml,CASE-056,CUST-051,short_delivery,<c127f7ce-1c47-56b0-9c09-9b7d79a5177c>
complaint-057.eml,CASE-057,CUST-104,wrong_quantity,<0916ae82-4776-5705-b1a9-969211e44cbe>
complaint-058.eml,CASE-058,CUST-139,late_delivery,<902a5b79-d3d8-5775-ae20-10bb2249055c>
complaint-059.eml,CASE-059,CUST-170,late_delivery,<840838e0-7c00-5c54-8b18-4bc652d5187d>
complaint-060.eml,CASE-060,CUST-170,late_delivery,<48ffd866-c6fa-54b4-acb3-ddec9fbf1f0b>
complaint-061.eml,CASE-061,CUST-063,short_delivery,<06a91d24-45a4-5690-8ae7-464b08e3d444>
complaint-062.eml,CASE-062,CUST-053,short_delivery,<4cb9deac-fced-51ca-8737-ec09813aaf37>
complaint-063.eml,CASE-063,CUST-115,damaged_items,<c9b4014a-f62f-5243-a65f-56aa736918ae>
complaint-064.eml,CASE-064,CUST-140,late_delivery,<cb908165-ce88-5280-a8c6-81d8f43464d8>
complaint-065.eml,CASE-065,CUST-012,short_delivery,<7d3e0e18-1df0-5c8b-899b-84f883025349>
complaint-066.eml,CASE-066,CUST-080,late_delivery,<68a3e364-0bef-575f-95b3-e8a11171bdc5>
complaint-067.eml,CASE-067,CUST-140,damaged_items,<169c8063-83de-530b-9e00-c565028f4d55>
complaint-068.eml,CASE-068,CUST-155,damaged_items,<9037025b-f59d-51e5-a8ae-606a25347735>
complaint-069.eml,CASE-069,CUST-056,late_delivery,<3350287e-3be1-59af-bedc-e79b1d2b8498>
complaint-070.eml,CASE-070,CUST-149,stained_items,<190b644b-3efb-57da-8dce-25c65d61ad74>
complaint-071.eml,CASE-071,CUST-052,wrong_quantity,<4bc48795-3513-5c23-aefc-292419ef1d85>
complaint-072.eml,CASE-072,CUST-167,damaged_items,<44b6557b-3872-5807-81b4-c75b4588057c>
complaint-073.eml,CASE-073,CUST-036,service_change,<3918c83e-3ecd-51c7-8668-04f45cf8b1a0>
complaint-074.eml,CASE-074,CUST-097,late_delivery,<81b60bfc-4de4-50de-a4d8-a366c63c03af>
complaint-075.eml,CASE-075,CUST-027,short_delivery,<b1a752a7-0be0-5043-babf-228c79d98100>
complaint-076.eml,CASE-076,CUST-028,stained_items,<f5f531a3-d746-5865-93ae-10b21783f607>
complaint-077.eml,CASE-077,CUST-098,short_delivery,<2a64743d-9235-5907-8a5c-6bb074d6b00f>
complaint-078.eml,CASE-078,CUST-083,short_delivery,<f9da3d7e-58c8-52e6-94f1-57a812d6df04>
complaint-079.eml,CASE-079,CUST-147,late_delivery,<79813504-a16c-5c70-837d-d08261893943>
complaint-080.eml,CASE-080,CUST-147,late_delivery,<f9c2ed46-31b7-5893-9013-e49e06ca8853>
complaint-081.eml,CASE-081,CUST-133,service_change,<ad8fca7c-31a8-5cdf-8859-d8e9ca634aab>
complaint-082.eml,CASE-082,CUST-029,late_delivery,<9dafbd8d-0a74-5455-81a1-3da032c577e1>
complaint-083.eml,CASE-083,CUST-014,late_delivery,<0d1e5889-a2e7-5cc4-8ea6-cd0a86cb005e>
complaint-084.eml,CASE-084,CUST-109,late_delivery,<e7f7999e-3e42-5932-ba52-e65489aa92b3>
complaint-085.eml,CASE-085,CUST-005,damaged_items,<6044ba8b-8726-53dc-b48e-57b423c106ea>
complaint-086.eml,CASE-086,CUST-061,short_delivery,<87a0281f-0ee5-5ab1-bb1d-7bab9618ef0c>
complaint-087.eml,CASE-087,CUST-015,short_delivery,<225931ad-04ed-5afa-8140-ff589666b378>
complaint-088.eml,CASE-088,CUST-029,damaged_items,<2229da76-89e5-5969-9250-c6dc7790e098>
complaint-089.eml,CASE-089,CUST-049,late_delivery,<4cf293d9-a604-5328-9dc8-47bc379fbb05>
complaint-090.eml,CASE-090,CUST-036,damaged_items,<776a0b25-585c-5985-a3c1-e18861892b67>
complaint-091.eml,CASE-091,CUST-009,stained_items,<880a0165-576a-52f9-8e07-0fc4de48644c>
complaint-092.eml,CASE-092,CUST-177,damaged_items,<7874c380-6824-5a79-87db-f22d28a81c56>
complaint-093.eml,CASE-093,CUST-111,damaged_items,<1bbecdbd-a254-5f80-a3cb-f84f520d359b>
complaint-094.eml,CASE-094,CUST-107,late_delivery,<dfa71cf3-88c9-5ed3-aefd-e7f2eb276c84>
complaint-095.eml,CASE-095,CUST-090,damaged_items,<fb112236-c372-5961-b4bd-bf6e46dd44bd>
complaint-096.eml,CASE-096,CUST-129,damaged_items,<6a3a0ed7-2587-5c97-ad50-5928c3595923>
complaint-097.eml,CASE-097,CUST-157,billing,<f156e3bd-6779-5519-9cf9-fa34bead28e9>
complaint-098.eml,CASE-098,CUST-166,damaged_items,<0a27858e-ce28-5289-bdac-e54b09c70ad6>
complaint-099.eml,CASE-099,CUST-066,damaged_items,<7f51bc70-c28b-5b43-baf5-7df69bfd50d2>
complaint-100.eml,CASE-100,CUST-066,damaged_items,<ef7067cc-35a1-588b-8361-e4964b320f12>
complaint-101.eml,CASE-101,CUST-160,service_change,<55fb5924-42fb-5474-86df-30c7b08e6df7>
complaint-102.eml,CASE-102,CUST-125,late_delivery,<63a16209-af17-5ed6-bad6-43f5b2b104ef>
complaint-103.eml,CASE-103,CUST-094,late_delivery,<dfbb479f-bc80-5c17-952b-27781500a79f>
complaint-104.eml,CASE-104,CUST-071,late_delivery,<744c49e8-b696-5d80-8e14-ccd3e4f9d726>
complaint-105.eml,CASE-105,CUST-043,wrong_quantity,<9ddced1c-ea9d-5d41-a1c1-3e2c94eacacb>
complaint-106.eml,CASE-106,CUST-127,stained_items,<3dc463cb-0b3b-5e6a-bbb8-1a15684d9767>
complaint-107.eml,CASE-107,CUST-096,short_delivery,<90dfcfbd-f90b-5a67-87c2-93ff17bef6a1>
complaint-108.eml,CASE-108,CUST-147,stained_items,<f88ddd33-c76f-5f0d-ad3e-12bacdcac0f5>
complaint-109.eml,CASE-109,CUST-018,short_delivery,<334064e3-8534-5d5b-99f7-0e397e61f7a3>
complaint-110.eml,CASE-110,CUST-112,damaged_items,<b9791ef9-fcab-5d7b-b35b-abfcd4e8cd21>
complaint-111.eml,CASE-111,CUST-142,stained_items,<bce754f7-adde-5b27-bfe0-ea37ab1bef25>
complaint-112.eml,CASE-112,CUST-060,short_delivery,<08b68ce8-6be4-5dcb-b619-2b7d3eb873ca>
complaint-113.eml,CASE-113,CUST-054,wrong_quantity,<331f3724-c198-5e35-a72a-f41be46d3135>
complaint-114.eml,CASE-114,CUST-147,late_delivery,<d9c4a5c0-7f6c-5615-955a-0d344f224e42>
complaint-115.eml,CASE-115,CUST-051,short_delivery,<de4df671-c365-5156-bb55-77aac021406e>
complaint-116.eml,CASE-116,CUST-064,damaged_items,<7638d519-6f9f-54e0-86f0-cc742b8770cf>
complaint-117.eml,CASE-117,CUST-043,short_delivery,<da2d1850-5bb8-55ce-9af9-f97eabe33dee>
complaint-118.eml,CASE-118,CUST-005,late_delivery,<5eacaa68-5d22-52a8-9b43-46535f539da0>
complaint-119.eml,CASE-119,CUST-136,late_delivery,<5d648b31-dbee-53b1-85bd-772cedea882e>
complaint-120.eml,CASE-120,CUST-136,late_delivery,<a8bd59b8-b9a0-5495-bde2-e57e78cb20e2>
